Address Line 1,Address Line 2,Address Line 3,Address Line 4,Address Line 5,Post Code
Simplicity4Business,2a Grenville Road,,,London,N19 4EH
Simplicity4Business,2a Grenville Road,,,London,N19 4EH
Simplicity4Business,2a Grenville Road,,,London,N19 4EH
Simplicity4Business,2a Grenville Road,,,London,N19 4EH
Simplicity4Business,2a Grenville Road,,,London,N19 4EH
Simplicity4Business,2a Grenville Road,,,London,N19 4EH
Simplicity4Business,2a Grenville Road,,,London,N19 4EH
Simplicity4Business,2a Grenville Road,,,London,N19 4EH
Simplicity4Business,2a Grenville Road,,,London,N19 4EH
